buyer,date_end,date_ordered,description,expected_delivery_days,extend_delivery,extras_amount,extras_price,gig,includes,order_link,stars,status,total
nicolas582,23/05/2024,22/05/2024,Actualización en bot para indicar tiempo de actualización desde archivo de configuraciones  y corregir fecha de expiración de cookies,2,0,0,0,do web automation bot,1 page mined/scraped | 1 source mine/scraped | Install script | Task automation | 1 revision,https://www.fiverr.com/users/darideveloper/manage_orders/FO618AB652D82,0,Completed,15.0
joseantonioe833,22/05/2024,20/05/2024,Actualizar proyecto kofi-api-nyx,3,0,0,0,"do a script for web scraping, data mining from website",1 page scraped | Formatting & clean up | 1 Revision,https://www.fiverr.com/users/darideveloper/manage_orders/FO424FC62ACC8,0,Completed,30.0
brauliofiloteo,16/05/2024,13/05/2024,Ajustar contenido de página web,1,1,2,10.0,"create your web page  fast, responsive, contact forms, animations, customization",2 pages | 1 revision,https://www.fiverr.com/users/darideveloper/manage_orders/FO3127665F543,0,Completed,10.0
brauliofiloteo,25/04/2024,24/04/2024,borrar contenido de página web,1,0,0,0,"create your web page  fast, responsive, contact forms, animations, customization",2 pages | 1 revision,https://www.fiverr.com/users/darideveloper/manage_orders/FO2C41DECC42,0,Completed,10.0
brauliofiloteo,16/04/2024,15/04/2024,borrar contenido en página web,2,0,0,0,"create your web page  fast, responsive, contact forms, animations, customization",1 revision,https://www.fiverr.com/users/darideveloper/manage_orders/FO4125893EE42,5,Completed,10.0
bernardo2810,14/04/2024,08/04/2024,Bot para extraer productos de https://6pm.com/,8,0,2,180.0,"do web scraping, data mining any website",1 source scraped | Formatting & clean up | 1 Revision | Extraer todas las combiaciones de colores y tallas para obtener stock,https://www.fiverr.com/users/darideveloper/manage_orders/FO2C35F92242,0,Completed,150.0
bernardo2810,08/04/2024,07/04/2024,Prueba de acceso de web scraping  para página https://www.6pm.com/,2,0,0,0,"do web scraping, data mining any website",1 source scraped | 1 Revision,https://www.fiverr.com/users/darideveloper/manage_orders/FO3C354E3241,0,Completed,10.0
nicolas582,14/04/2024,07/04/2024,bot para aceptar ofertas en boosting factory,7,1,3,120.0,"do web scraping, data mining any website",1 source scraped | 1 page scraped | Formatting & clean up | 1 Revision,https://www.fiverr.com/users/darideveloper/manage_orders/FO3C3516B741,4.3,Completed,110.0
lilianam858,23/04/2024,03/04/2024,Página web en base a infomación proporcionada por el cliente  y diseño https://www.elegantthemes.com/layouts/lifestyle/home-organizer-landing-page/live-demo,20,0,3,370.0,"create your web page  fast, responsive, contact forms, animations, customization",Content upload | Functional website | Speed optimization | Hosting setup | 2 revisions | Página de About us y Anti spam | Botón flotante de whatsapp,https://www.fiverr.com/users/darideveloper/manage_orders/FO118653EFD87,5,Completed,310.0
ignacio_adt,10/04/2024,03/04/2024,3º Extración BBDD embajadas,12,0,0,0,"do web scraping, data mining any website",1 source scraped | 1 page scraped | Formatting & clean up | 1 Revision,https://www.fiverr.com/users/darideveloper/manage_orders/FO16190BF201,0,Completed,83.0
ignacio_adt,10/04/2024,03/04/2024,2º Herramienta de Kit Digital + extracción de BBDD,9,0,0,0,"do web scraping, data mining any website",1 source scraped | 1 page scraped | Formatting & clean up | 1 Revision,https://www.fiverr.com/users/darideveloper/manage_orders/FO2C3217D042,0,Completed,83.0
ignacio_adt,05/04/2024,03/04/2024,1º Extracción BBDD Incibe,5,0,0,0,"do web scraping, data mining any website",1 Revision,https://www.fiverr.com/users/darideveloper/manage_orders/FO31E7D32E607,0,Completed,84.0
dejurado,08/04/2024,02/04/2024,Extract podcast from media.ascensionpress.com,7,0,0,0,"do web scraping, data mining any website",1 source scraped | Formatting & clean up | 1 Revision,https://www.fiverr.com/users/darideveloper/manage_orders/FO31E7C876C87,5,Completed,150.0
joseantonioe833,05/04/2024,02/04/2024,Cambios en web https://www.nyxtrackers.com/,3,0,0,0,convert design to website with hosting and domain,1 page | Responsive design | Server upload | Browser compatibility | 1 revision,https://www.fiverr.com/users/darideveloper/manage_orders/FO1124AADC2C5,0,Completed,50.0
abelsotovaldez,21/03/2024,20/03/2024,Convertir diseño proporcionado por el cliente  a página web responsive,1,0,0,0,convert design to website with hosting and domain,1 page | Responsive design | Slider/scroller | Server upload | Unlimited revisions,https://www.fiverr.com/users/darideveloper/manage_orders/FO61E6549D304,5,Completed,5.0
abelsotovaldez,21/03/2024,20/03/2024,Script para extraer datos de https://www.xvideos.com/,2,0,0,0,"do web scraping or web automation and save data in excel, csv, json or database",1 source scraped | 1 page scraped | Formatting & clean up | Unlimited revisions,https://www.fiverr.com/users/darideveloper/manage_orders/FO524798A2CC7,5,Completed,5.0
brauliofiloteo,16/03/2024,15/03/2024,borrar contenido en página web,1,0,0,0,convert design to website with hosting and domain,1 page | 1 revision,https://www.fiverr.com/users/darideveloper/manage_orders/FO31237298343,0,Completed,10.0
boris_1988,20/03/2024,12/03/2024,Bot de web scraping para página https://upcp-compranet.hacienda.gob.mx e información de salida en excel proporcionado por el cliente.  Incluye información extraida.,8,1,3,234.0,"do web scraping, data mining any website",1 source scraped | Formatting & clean up | 1 Revision,https://www.fiverr.com/users/darideveloper/manage_orders/FO31E5595CB87,4.7,Completed,207.0
boris_1988,12/03/2024,12/03/2024,,10,0,0,0,provide a consultation video call and written summary,,https://www.fiverr.com/users/darideveloper/manage_orders/FO82A7767CA46,5,Completed,5.0
ignacio_adt,12/03/2024,11/03/2024,bot de web scraping para https://www.embassypages.com/spain (ignora el nombre del gig),3,0,0,0,"create your web page  fast, responsive, contact forms, animations, customization",1 page | 1 revision,https://www.fiverr.com/users/darideveloper/manage_orders/FO21841D3A786,0,Completed,195.0
ignacio_adt,03/03/2024,27/02/2024,scraper para buscar negocios en la página de incibe  y guardar información en excel  instalación remota o versión portable incluida,7,0,0,0,"create your web page  fast, responsive, contact forms, animations, customization",1 revision,https://www.fiverr.com/users/darideveloper/manage_orders/FO41222718F42,0,Completed,140.0
lzunigar,24/02/2024,15/02/2024,Landing page wordpress con dominio .com (a revisar disponibilidad) y primer mes de hosting,7,1,2,120.0,convert design to website with hosting and domain,1 page | Responsive design | Server upload | Browser compatibility | 2 revisions,https://www.fiverr.com/users/darideveloper/manage_orders/FO2C0E45CF42,5,Completed,120.0
lzunigar,15/02/2024,15/02/2024,,1,0,0,0,"create your web page, with hosting and domain, fast, responsive, animations",,https://www.fiverr.com/users/darideveloper/manage_orders/FO11214E87BC5,4.7,Completed,10.0
abrahamalvarezb,08/02/2024,02/02/2024,Bot para extraer números de teléfono  nombre del negocio  página web y código postal  de negocios en Google maps y guardar los datos en Google sheets o excel (solo uno  a indicar por el cliente),7,0,0,0,"do web scraping, data mining any website",1 source scraped | 1 page scraped | Formatting & clean up | 1 Revision,https://www.fiverr.com/users/darideveloper/manage_orders/FO21808E55986,0,Completed,60.0
romanome,02/02/2024,30/01/2024,landing page en WordPress con formulario de contacto,7,0,2,150.0,"create your web page  fast, responsive, contact forms, animations, customization",1 page | Content upload | Functional website | Speed optimization | 2 revisions | Botón flotante,https://www.fiverr.com/users/darideveloper/manage_orders/FO81E047F1082,0,Completed,125.0
alvaroreyesenca,30/01/2024,29/01/2024,Actualización de dependencias y proceso de extracción en proyecto Breached Forum Other Leaks Notifications,3,0,0,0,create a script for extract data from any page,Formatting & clean up | Source code | 1 revision,https://www.fiverr.com/users/darideveloper/manage_orders/FO71801E40B81,0,Completed,30.0
j_rodriguez0,31/01/2024,22/01/2024,,10,0,0,0,"create your web page  fast, responsive, contact forms, animations, customization",,https://www.fiverr.com/users/darideveloper/manage_orders/FO511F907D741,0,Completed,170.0
albanidia831,14/02/2024,19/01/2024,,7,1,5,410.0,convert design to website with hosting and domain,Responsive design | Slider/scroller | Custom admin panel | Server upload | Browser compatibility | Footer y Página de Terminos y Condiciones,https://www.fiverr.com/users/darideveloper/manage_orders/FO317F2D46B85,0,Completed,265.0
macatas,16/01/2024,14/01/2024,Bot para extración de precio total de caceta en página de gobierno  que lea y guarde la información en un archivo .xlsx,7,0,0,0,"do web scraping, data mining any website",1 source scraped | 1 page scraped | Formatting & clean up | 2 Revisions,https://www.fiverr.com/users/darideveloper/manage_orders/FO71DE58B8F03,5,Completed,90.0
joseantonioe833,05/01/2024,04/01/2024,Actualizar proyecto de kofi para añadir contador de facturas en el excel,3,0,0,0,"do web scraping or web automation and save data in excel, csv, json or database",Formatting & clean up | 1 Revision,https://www.fiverr.com/users/darideveloper/manage_orders/FO21DD1B98908,0,Completed,20.0
dejurado,05/01/2024,28/12/2023,Message bot for Tiktok Shop,12,0,0,0,"do web scraping, data mining any website",Formatting & clean up | 1 Revision,https://www.fiverr.com/users/darideveloper/manage_orders/FO2BE9998C42,5,Completed,240.0
joseantonioe833,25/12/2023,20/12/2023,(ignora el nombre del gig)   Actualización del proyecto Kofi para generar pdfs y almacenarlos en Google drive,7,0,0,0,"create your web page  fast, responsive, contact forms, animations, customization",Content upload | Hosting setup | 1 revision,https://www.fiverr.com/users/darideveloper/manage_orders/FO423AEDC0CC8,0,Completed,220.0
davidruber,12/12/2023,04/12/2023,"Extraer y guardar datos en base a la información proporcionada en el documento de word  en la sección ""Macro for downloading New Filings  Completed Offerings  Pending S-1s and Reverse Split""  Añadiendo columna de fecha e información completa de noncomplain",4,1,2,75.0,create a script for extract data from any page,Formatting & clean up | Source code | 1 revision,https://www.fiverr.com/users/darideveloper/manage_orders/FO511C6267941,5,Completed,75.0
jhonwalther,26/11/2023,20/11/2023,prueba de acceso para web scraping en la web vevor.mx,6,0,0,0,"do web scraping, data mining any website",1 source scraped | 1 page scraped | 1 Revision,https://www.fiverr.com/users/darideveloper/manage_orders/FO4179E7A9784,5,Completed,20.0
deeplawn,20/11/2023,18/11/2023,"Update project ""phone emails scraper""  (ignore the gig's name)",5,0,0,0,convert design to website with hosting and domain,1 revision,https://www.fiverr.com/users/darideveloper/manage_orders/FO5236995ECC7,0,Completed,50.0
davidruber,04/12/2023,13/11/2023,Extracción de web scraping y almacenamiento de información en base de datos ya diseñada.,10,1,3,590.0,create a script for extract data from any page,Formatting & clean up | Source code | 2 revisions,https://www.fiverr.com/users/darideveloper/manage_orders/FO31D78D56487,5,Completed,590.0
victoriacullen0,14/11/2023,12/11/2023,Wordpress page with questions who change each time the page loads,5,0,2,220.0,"create your web page  fast, responsive, contact forms, animations, customization",Content upload | 1 page | Functional website | Hosting setup | 2 revisions | Add “Questions” and “Dares” feature,https://www.fiverr.com/users/darideveloper/manage_orders/FO7235B7245C5,5,Completed,185.0
joseantonioe833,09/11/2023,09/11/2023,Update pack-link-bot,2,0,0,0,convert design to website with hosting and domain,Unlimited revisions,https://www.fiverr.com/users/darideveloper/manage_orders/FO3BC6F91941,0,Completed,20.0
brauliofiloteo,07/11/2023,06/11/2023,corregir enlaces y actualizar contenido de página wordpress,2,0,0,0,"create your web page  fast, responsive, contact forms, animations, customization",4 pages | 1 revision,https://www.fiverr.com/users/darideveloper/manage_orders/FO71789373D81,5,Completed,20.0
davidruber,10/11/2023,06/11/2023,Diseñar base de datos en base a documentos enviados para sistema de web scraping  (ignora el nombre del gig),5,0,2,210.0,"create your web page, with hosting and domain, fast, responsive, animations",2 revisions,https://www.fiverr.com/users/darideveloper/manage_orders/FO7234D9CD4C5,5,Completed,180.0
brauliofiloteo,06/11/2023,06/11/2023,,10,0,0,0,provide a consultation video call and written summary,,https://www.fiverr.com/users/darideveloper/manage_orders/FO511A637E241,0,Completed,5.0
davidruber,04/11/2023,03/11/2023,prueba de acceso de web scraping con python,3,0,0,0,"do web scraping, data mining any website",1 source scraped | 1 page scraped | 1 Revision,https://www.fiverr.com/users/darideveloper/manage_orders/FO42346D40AC8,0,Completed,80.0
cakestoremommy,22/10/2023,21/10/2023,Actualización de imagenes en https://cakestoremommy.com/gallery,1,0,0,0,convert design to website with hosting and domain,1 page | Server upload | Browser compatibility | Unlimited revisions,https://www.fiverr.com/users/darideveloper/manage_orders/FO21D4D934D08,5,Completed,10.0
cakestoremommy,18/10/2023,17/10/2023,"Sección de ""Flavors"" en el home page",2,0,0,0,convert design to website with hosting and domain,1 page | Responsive design | Server upload | Browser compatibility | 1 revision,https://www.fiverr.com/users/darideveloper/manage_orders/FO7176A692381,0,Completed,28.0
cakestoremommy,16/10/2023,15/10/2023,Configurar dominio cakestoremommy.com,3,0,0,0,convert design to website with hosting and domain,Server upload | 1 revision,https://www.fiverr.com/users/darideveloper/manage_orders/FO31D41BD0707,5,Completed,10.0
joseantonioe833,16/10/2023,13/10/2023,Add unsuscribe option to service email,5,0,0,0,convert design to website with hosting and domain,1 page | Server upload | Browser compatibility,https://www.fiverr.com/users/darideveloper/manage_orders/FO623178990C6,0,Completed,30.0
cakestoremommy,16/10/2023,12/10/2023,"Cambios en ""/order"" de la página https://cakestoremommy.vercel.app/  * Barra de scroll * En la sección ""size"" desplazar hacia abajo al seleccionar una ""layer"" * Añadir etiquetas encima de los selectores de ""size"" * Opción por defecto (Select layer / Select diameter) en los selectores de ""size"" * Deslizar hacia abajo al dar click en los botones de ""flavor"" * Desplazarse entre las secciones anteriores  al dar click en los botones de ""flavors""",2,1,2,55.0,"create your web page, with hosting and domain, fast, responsive, animations",Functional website | 1 page | 1 revision,https://www.fiverr.com/users/darideveloper/manage_orders/FO15D8ED8B81,5,Completed,55.0
cakestoremommy,11/10/2023,10/10/2023,"Actualización de la sección ""flavors"" en la página ""order""  * desplazarse hacia arriba al cambiar sección * mostrar la opción seleccionada en las pestañas * texto dinámico ""pick a (cake flavor / filling / frosting)"" * quitar botón de ""finalizar"" y desplazar automáticamente a la siguiente sección",3,0,0,0,convert design to website with hosting and domain,1 page | Responsive design | Server upload | Browser compatibility | 1 revision,https://www.fiverr.com/users/darideveloper/manage_orders/FO51D383D0905,5,Completed,25.0
cakestoremommy,15/10/2023,28/09/2023,,6,0,4,1057.0,"create your web page, with hosting and domain, fast, responsive, animations",Social media icons | Functional website | 1 page,https://www.fiverr.com/users/darideveloper/manage_orders/FO81D22025502,5,Completed,604.0
xenon254,22/09/2023,20/09/2023,Prueba de web scraping para Booking.com y  Tripadvisor: comrpobar que sea posible acceder a la página y consultar la información con herramientas de web scraping (sin derecho a devolución),3,0,0,0,create a script for extract data from any page,Source code | Formatting & clean up | Unlimited revisions,https://www.fiverr.com/users/darideveloper/manage_orders/FO31D1068AD87,4,Completed,20.0
cakestoremommy,16/09/2023,12/09/2023,Update gallery images,1,0,2,35.0,convert design to website with hosting and domain,1 page | Responsive design | Server upload | Browser compatibility | 1 revision | Actualizar imágenes y cambiar layout de página Gallery,https://www.fiverr.com/users/darideveloper/manage_orders/FO1B9A999C43,5,Completed,20.0
joseantonioe833,12/09/2023,07/09/2023,Actualizar bots para borrar a clientes que ya hicieron compras del mail list,8,0,0,0,create a script for extract data from any page,API integration | Source code | 1 revision,https://www.fiverr.com/users/darideveloper/manage_orders/FO4172C252584,0,Completed,25.0
joseantonioe833,01/09/2023,01/09/2023,Add analytics and update texts,2,0,0,0,convert design to website with hosting and domain,1 page | 1 revision,https://www.fiverr.com/users/darideveloper/manage_orders/FO11724A29987,0,Completed,5.0
joseantonioe833,20/08/2023,16/08/2023,Cambios en NYX y bot para envío de correos,5,0,0,0,convert design to website with hosting and domain,1 page | Responsive design | Server upload | 1 revision,https://www.fiverr.com/users/darideveloper/manage_orders/FO71CCE3B0203,0,Completed,54.0
cakestoremommy,15/08/2023,14/08/2023,Update buttons,1,0,0,0,convert design to website with hosting and domain,Responsive design | 1 page | Browser compatibility | 1 revision,https://www.fiverr.com/users/darideveloper/manage_orders/FO6228C6B85C6,5,Completed,5.0
joseantonioe833,14/08/2023,13/08/2023,Cambios en nyx trackers,2,0,0,0,convert design to website with hosting and domain,1 page | 1 revision,https://www.fiverr.com/users/darideveloper/manage_orders/FO82289F2C4C4,5,Completed,5.0
norman_cm,09/08/2023,08/08/2023,Bot para comprobar inicio de sesión de de la página https://controlcontratistas.previred.com/wControlContratistas/pages/login/Login.jsf   con credenciales proporcionadas por el cliente,1,0,0,0,create a script for extract data from any page,Source code | 1 revision,https://www.fiverr.com/users/darideveloper/manage_orders/FO516FED93183,0,Completed,20.0
joseantonioe833,13/08/2023,08/08/2023,Bot Pack LInk Pro  Bot para automatizar el proceso de creación de borradores  usando kofi y packlink pro,7,0,0,0,create a script for extract data from any page,Formatting & clean up | Source code | 1 revision,https://www.fiverr.com/users/darideveloper/manage_orders/FO81CBE601A02,0,Completed,140.0
joseantonioe833,03/08/2023,03/08/2023,Nueva sección en http://nyxtrackers.com/,1,0,2,50.0,"create your web page  fast, responsive, contact forms, animations, customization",1 page | Content upload | Hosting setup | 1 revision,https://www.fiverr.com/users/darideveloper/manage_orders/FO1B7BCF9643,5,Completed,35.0
maguirod,04/08/2023,03/08/2023,Asesoría de desarrollo web,3,0,0,0,convert design to website with hosting and domain,Unlimited revisions,https://www.fiverr.com/users/darideveloper/manage_orders/FO41CB5352886,0,Completed,10.0
anaia29,05/08/2023,03/08/2023,Smal landing page or contact form,4,0,0,0,"create your web page  fast, responsive, contact forms, animations, customization",Functional website | 1 page | 2 revisions | Content upload | Opt-in form | Speed optimization | Hosting setup | 1 Commercially licensed image | Social media icons,https://www.fiverr.com/users/darideveloper/manage_orders/FO216F6272186,0,Completed,85.0
joseantonioe833,03/08/2023,01/08/2023,Web Service para detectar ventas de Kofi en tiempo real  guardar los datos en Google sheets y enviar correo HTML de confirmación,3,0,0,0,"create your web page, with hosting and domain, fast, responsive, animations",1 revision,https://www.fiverr.com/users/darideveloper/manage_orders/FO7226CE777C5,0,Completed,45.0
joseantonioe833,27/07/2023,27/07/2023,Vincular google analytics a la página nyxtrackers.com,1,0,0,0,convert design to website with hosting and domain,1 page | Unlimited revisions,https://www.fiverr.com/users/darideveloper/manage_orders/FO82DD8587308,5,Completed,20.0
joseantonioe833,24/07/2023,22/07/2023,Actualizaciones en página http://nyxtrackers.com/,5,0,0,0,"create your web page, with hosting and domain, fast, responsive, animations",Social media icons | Functional website | 1 page | 1 revision,https://www.fiverr.com/users/darideveloper/manage_orders/FO616E47C5982,5,Completed,45.0
cakestoremommy,16/07/2023,14/07/2023,página de galería con cuadrícula de imágenes y categorías,5,0,0,0,"create your web page  fast, responsive, contact forms, animations, customization",1 page | Content upload | Functional website | Speed optimization | Hosting setup | 1 revision,https://www.fiverr.com/users/darideveloper/manage_orders/FO82DB0B76B08,0,Completed,110.0
cakestoremommy,10/07/2023,09/07/2023,añadir botones de contacto (WhatsApp y teléfono) a página web,2,0,2,25.0,convert design to website with hosting and domain,"1 page | Responsive design | Server upload | Browser compatibility | 1 revision | Editar video de animación, para formato 4:5 (aproximadamente), y actualizar en la página web",https://www.fiverr.com/users/darideveloper/manage_orders/FO31C82E2B507,0,Completed,15.0
c_php_python,01/07/2023,30/06/2023,,1,0,0,0,"do web scraping or web automation and save data in excel, csv, json or database",,https://www.fiverr.com/users/darideveloper/manage_orders/FO21C73869688,5,Completed,10.0
cakestoremommy,01/07/2023,30/06/2023,Actualizar fuentes no variantes,1,0,0,0,convert design to website with hosting and domain,1 page | 1 revision,https://www.fiverr.com/users/darideveloper/manage_orders/FO727D40E3C47,0,Completed,10.0
cakestoremommy,26/06/2023,21/06/2023,Crear página web en base al diseño: https://fiverr-res.cloudinary.com/image/upload/f_pdf q_auto/v1/secured-attachments/messaging_message/attachment/4e0c1a93a496110859e4d44b42bae245-1687388072787/FIRST%20PAGE.pdf?__cld_token__=exp=1687423075~hmac=ef3e53e887e015e7a7d1e93d63412a8c8b4ecee3b5b26494e3d7e410bb4f255e,7,0,2,135.0,"create your web page, with hosting and domain, fast, responsive, animations",Functional website | 1 page | 1 revision,https://www.fiverr.com/users/darideveloper/manage_orders/FO81C62AA0682,5,Completed,115.0
dejurado,07/06/2023,01/06/2023,bot for submit message to the new followers,8,0,0,0,"do web scraping or web automation and save data in excel, csv, json or database",1 source scraped | 1 Revision,https://www.fiverr.com/users/darideveloper/manage_orders/FO82D2B16CF08,0,Completed,80.0
rupert_dev,29/05/2023,29/05/2023,,1,0,0,0,"create your web page  fast, responsive, contact forms, animations, customization",,https://www.fiverr.com/users/darideveloper/manage_orders/FO3B47CB9541,0,Completed,10.0
joseantonioe833,25/05/2023,25/05/2023,Cambios en web http://nyxtrackers.com/,3,0,0,0,convert design to website with hosting and domain,1 page | Responsive design | Server upload | Browser compatibility | 1 revision,https://www.fiverr.com/users/darideveloper/manage_orders/FO510E701EBC1,5,Completed,50.0
dejurado,24/05/2023,15/05/2023,Instagram Poster Bot,12,0,0,0,"create your web page, with hosting and domain, fast, responsive, animations",1 revision,https://www.fiverr.com/users/darideveloper/manage_orders/FO41C18881106,0,Completed,110.0
adriandavidfazn,20/05/2023,13/05/2023,Página web de sorteos  con panel de aminsitración  basada en https://www.combossonora.com/s88-lista + hosting del primer mes,8,0,0,0,"create your web page  fast, responsive, contact forms, animations, customization",2 pages | Content upload | Functional website | Speed optimization | Hosting setup | 1 revision,https://www.fiverr.com/users/darideveloper/manage_orders/FO1B3B8B3143,5,Completed,125.0
dirkdirk2015,14/05/2023,13/05/2023,Changes in page https://powerpointpoesie.ch/,3,0,2,35.0,"create your web page, with hosting and domain, fast, responsive, animations",3 pages | 1 revision,https://www.fiverr.com/users/darideveloper/manage_orders/FO7167687B781,5,Completed,25.0
dejurado,02/05/2023,02/05/2023,"Create dashboard and use remote database for manage ""Instagram follow bot 2"" project (35% progress)",1,0,0,0,"create your web page, with hosting and domain, fast, responsive, animations",Unlimited revisions,https://www.fiverr.com/users/darideveloper/manage_orders/FO421964E81C8,0,Completed,110.0
dejurado,27/04/2023,25/04/2023,"(ignore the gig name)  Update Instagram Bot 2:   - Active Following and Liking Etc during ""running_time"" option - Once the ""running_time"" has elapsed  we can run the Unfollow and the messaging sequences. This way they are done once day",3,0,2,35.0,"create your web page  fast, responsive, contact forms, animations, customization",1 revision | A Custom Order,https://www.fiverr.com/users/darideveloper/manage_orders/FO110C240AAC5,5,Completed,25.0
dejurado,24/04/2023,18/04/2023,Update Instagram bot to:   1) New Phase: So the new sequence would be 1. Like + Follow Sequence  2. Then Block sequence for users that havent followed back after 3 days 3  Unfollow sequence will be disabled for now  2) Then we will send a DM to new followers (this will be a standard msg) This can be every 1.5 hours,7,0,0,0,do script for email automation,Source code | Detailed code comments,https://www.fiverr.com/users/darideveloper/manage_orders/FO3164DAC7785,5,Completed,150.0
dirkdirk2015,18/04/2023,16/04/2023,Changes in page https://powerpointpoesie.ch/,4,0,2,45.0,"create your web page, with hosting and domain, fast, responsive, animations",Functional website | 4 pages | 1 revision,https://www.fiverr.com/users/darideveloper/manage_orders/FO116496B2387,5,Completed,35.0
dejurado,16/04/2023,14/04/2023,Update Instagram bot 2 for be able multiple bots at the same time  the proxies implementation and a bat script to run the bots.,5,0,0,0,do script for email automation,Source code | Detailed code comments | 1 revision,https://www.fiverr.com/users/darideveloper/manage_orders/FO410B553CA42,0,Completed,120.0
dirkdirk2015,14/04/2023,13/04/2023,Add contact form,3,0,0,0,convert design to website with hosting and domain,3 pages | Responsive design | 1 revision,https://www.fiverr.com/users/darideveloper/manage_orders/FO210B3EE7044,5,Completed,30.0
dirkdirk2015,14/04/2023,13/04/2023,"Change in page:   ""one order regarding to subpage 3: Putzfrau. same procedure: 1. place video same place as the others https://powerpointpoesie.ch/putzfrau_video.mp4 2. move existing text below video (without image  without pattern 3. BUCHEN (same as others) - write above: 60 min (same place and kind as others)""",2,0,0,0,"create your web page, with hosting and domain, fast, responsive, animations",1 page | 1 revision,https://www.fiverr.com/users/darideveloper/manage_orders/FO15914E7181,5,Completed,15.0
dejurado,12/04/2023,09/04/2023,Merge Instagram follow classic and Instagram follow advanced  and add a new auto-unfollow system,7,0,0,0,do script for email automation,Source code | Detailed code comments | 1 revision,https://www.fiverr.com/users/darideveloper/manage_orders/FO626EC4AB348,5,Completed,210.0
dirkdirk2015,12/04/2023,09/04/2023,Update videos an texts in page https://powerpointpoesie.ch/  fix horizontal scroll in pc,5,0,0,0,convert design to website with hosting and domain,2 pages | Responsive design | 1 revision,https://www.fiverr.com/users/darideveloper/manage_orders/FO3163CFAD785,5,Completed,40.0
sadb0y,07/04/2023,07/04/2023,(ignore the gig name) Script for download multiple links from .txt file  using the library https://github.com/iheanyi/bandcamp-dl,3,0,0,0,"create your web page, with hosting and domain, fast, responsive, animations",Unlimited revisions,https://www.fiverr.com/users/darideveloper/manage_orders/FO3163A274385,0,Completed,30.0
dejurado,03/04/2023,28/03/2023,Twitter follow bot,7,0,0,0,do script for email automation,Source code | Detailed code comments | 1 revision,https://www.fiverr.com/users/darideveloper/manage_orders/FO826C94ECD46,5,Completed,150.0
dirkdirk2015,29/03/2023,26/03/2023,Updates in webpages from images in chat,4,0,0,0,"create your web page  fast, responsive, contact forms, animations, customization",Functional website | Content upload | 1 revision,https://www.fiverr.com/users/darideveloper/manage_orders/FO41625A9F184,5,Completed,30.0
dejurado,03/04/2023,23/03/2023,Fix script Follow advanced  Follow classic and Post from project Instagram Bot,5,0,3,120.0,do script for email automation,Source code | Detailed code comments | 1 revision | A Custom Order | A Custom Order,https://www.fiverr.com/users/darideveloper/manage_orders/FO41620D2CD84,5,Completed,90.0
alvaroreyesenca,10/03/2023,01/03/2023,"Script para verificar los posts de https://breached.vc/Forum-Other-Leaks y enviar notificacion por correo en caso de que alguno incluya la palabra ""chile""",6,1,3,80.0,"do web scraping, data mining any website",Source code | 1 revision | Un pedido personalizado,https://www.fiverr.com/users/darideveloper/manage_orders/FO1107AA92245,0,Completed,55.0
joseantonioe833,27/02/2023,24/02/2023,Cambios en página  nyxtrackers.com,5,0,0,0,"create your web page  fast, responsive, contact forms, animations, customization",1 page | Content upload | Functional website | Hosting setup | 1 revision,https://www.fiverr.com/users/darideveloper/manage_orders/FO515EF2E2183,5,Completed,70.0
sadb0y,21/02/2023,14/02/2023,(Ignore the gig name) Script for ganarate .bat and .lnk files  for run games with retroarch,6,0,3,230.0,convert design to website with hosting and domain,1 revision | A Custom Order,https://www.fiverr.com/users/darideveloper/manage_orders/FO21B54BED388,5,Completed,175.0
dejurado,16/02/2023,13/02/2023,Instagram post scraper who save data in csv separated files,4,0,0,0,create a script for extract data from any page,Source code | Formatting & clean up | 1 revision,https://www.fiverr.com/users/darideveloper/manage_orders/FO81B50FAB482,0,Completed,50.0
olikaka,01/02/2023,31/01/2023,add progress bar to flask project an deploy in AWS EB,2,0,0,0,create a python flask api or project,Source code | install the project in your server | add an html css and js page for your project | 1 page | 1 revision,https://www.fiverr.com/users/darideveloper/manage_orders/FO81B2EFCD702,0,Completed,65.0
olikaka,25/01/2023,25/01/2023,Fix python flask project,1,0,0,0,create a python flask api or project,Source code | 1 page | 1 revision,https://www.fiverr.com/users/darideveloper/manage_orders/FO625FB3584C8,0,Completed,20.0
ujashare,26/01/2023,24/01/2023,Extraer información de los productos en todas las categorías  de la página https://carlitosbaby.com/ y guardar la información de salida en excel,6,0,0,0,"do web scraping, data mining any website",Source code | 1 revision,https://www.fiverr.com/users/darideveloper/manage_orders/FO4104515B542,5,Completed,60.0
wtmetan,26/01/2023,20/01/2023,implementación de Rankings en Comunidad MC,5,1,2,55.0,"create your web page  fast, responsive, contact forms, animations, customization",1 page | Functional website | Speed optimization | Hosting setup | 1 revision,https://www.fiverr.com/users/darideveloper/manage_orders/FO715A9BAAB81,5,Completed,55.0
dejurado,21/01/2023,19/01/2023,Extract post from Facebook users  check if contains specific keywords and save the output data in csv file.,3,0,0,0,"do web scraping, data mining any website",Source code | 1 revision,https://www.fiverr.com/users/darideveloper/manage_orders/FO71B111EA883,0,Completed,50.0
wtmetan,19/01/2023,17/01/2023,Sistema para asignar puntos y oantalla.pars visualizar histórico de puntos del usuario,6,0,0,0,"create your web page  fast, responsive, contact forms, animations, customization",1 page | Content upload | Functional website | Hosting setup | 1 revision,https://www.fiverr.com/users/darideveloper/manage_orders/FO62071C542C6,5,Completed,80.0
wtmetan,11/01/2023,10/01/2023,Actualización de proyecto de web app basada en twitch,5,0,0,0,"create your web page, with hosting and domain, fast, responsive, animations",Responsive design | 1 section included | 1 revision,https://www.fiverr.com/users/darideveloper/manage_orders/FO725BE072B47,0,Completed,150.0
deeplawn,10/01/2023,03/01/2023,get web pages from CSV file  extract email and phone from each page and save the output data in csv,5,0,2,70.0,"do web scraping, data mining any website",Source code | 1 revision | A Custom Order,https://www.fiverr.com/users/darideveloper/manage_orders/FO420442DEFC8,0,Completed,55.0
redakhouya,02/01/2023,02/01/2023,Flask application with 5 endpoints (create  read  update  delete for a single register and an endpoint for show al  registers)  based in a single json file of videos.,3,0,0,0,create a python flask api or project,Source code | 1 revision,https://www.fiverr.com/users/darideveloper/manage_orders/FO3ABFC18C41,3.7,Completed,25.0
deeplawn,30/12/2022,30/12/2022,"Update project ""leads generator google maps""  for make scraper works again.",3,0,0,0,"do web scraping, data mining any website",Source code | 1 revision,https://www.fiverr.com/users/darideveloper/manage_orders/FO8203954A9C4,0,Completed,15.0
wtmetan,30/12/2022,29/12/2022,Implementación de verificación por whstapp en proyecto http://comunidadmc.herokuapp.com/,3,0,0,0,"create your web page  fast, responsive, contact forms, animations, customization",1 page | Content upload | Functional website | Hosting setup | 1 revision,https://www.fiverr.com/users/darideveloper/manage_orders/FO3157A409385,5,Completed,40.0
jairosuse278,28/12/2022,28/12/2022,Script para monitorear cursos de udemy en página externa  y enviar notificaciones de cambios por correo,2,0,0,0,"do web scraping or web automation and save data in excel, csv, json or database",1 source mine/scraped | 1 page mined/scraped | Source code | 1 revision,https://www.fiverr.com/users/darideveloper/manage_orders/FO2101A0927C4,0,Completed,10.0
juanjomilla91,29/12/2022,27/12/2022,Script en python para extraer datos de: https://app.europeanstartups.co/companies.startups/f/data_type/anyof_Verified/regions/allof_European%20Union,3,0,0,0,"do web scraping, data mining any website",Source code | 1 revision,https://www.fiverr.com/users/darideveloper/manage_orders/FO115751A1587,0,Completed,60.0
wtmetan,27/12/2022,20/12/2022,(ignora el nombre del gig  tengo el otro en mantenimiento)  Añadir panel de administración y pantalla de completar registro a proyecto https://comunidadmc.herokuapp.com/,15,0,0,0,"create a react web app with boostrap, sass and online payments paypal or stripe",Source code,https://www.fiverr.com/users/darideveloper/manage_orders/FO6257C89A2C8,5,Completed,180.0
wtmetan,19/12/2022,12/12/2022,página web con inicio de sesión en discord  paleta de colores personalizada  y diseño proporcionado por el cliente,7,1,2,80.0,"create your web page  fast, responsive, contact forms, animations, customization",2 pages | Content upload | Functional website | Speed optimization | Hosting setup | 1 revision,https://www.fiverr.com/users/darideveloper/manage_orders/FO61AB39CAB84,5,Completed,80.0
joseantonioe833,17/12/2022,11/12/2022,Landing page or contact form,4,1,7,112.6,"create your web page, with hosting and domain, fast, responsive, animations",Social media icons | 3 sections included | 2 revisions | Responsive design,https://www.fiverr.com/users/darideveloper/manage_orders/FO71AB0168803,5,Completed,93.8
sadb0y,01/12/2022,26/11/2022,New two requirements for bot,7,0,0,0,"do web scraping, data mining any website",Source code | 1 revision,https://www.fiverr.com/users/darideveloper/manage_orders/FO1153E13C987,0,Completed,100.0
enrique_o,18/11/2022,16/11/2022,Extraer datatos de directorio de inversores y guardarlos en un excel,2,0,0,0,"do web scraping, data mining any website",1 revision,https://www.fiverr.com/users/darideveloper/manage_orders/FO2A94C47B42,5,Completed,20.0
liadlevy,17/11/2022,15/11/2022,flask app based in requirements file,1,1,2,65.0,create a python flask api or project,Source code,https://www.fiverr.com/users/darideveloper/manage_orders/FO41528D14D84,0,Completed,65.0
rolandoyza,12/11/2022,12/11/2022,,1,0,0,0,"do web scraping, data mining any website",,https://www.fiverr.com/users/darideveloper/manage_orders/FO61FB2C1DEC6,0,Completed,5.0
dtnzsalmaan,08/11/2022,07/11/2022,Check in detail python flask project and requirements.xlsx file,1,0,0,0,create a python flask api or project,Unlimited revisions,https://www.fiverr.com/users/darideveloper/manage_orders/FO1545BB8901,0,Completed,15.0
rolandoyza,06/11/2022,24/10/2022,Página web  parte 2  en base a diseño de miro,10,1,3,70.0,"create your web page  fast, responsive, contact forms, animations, customization",Responsive design | 3 pages | Source code | Design customization | Content upload | 1 revision | A Custom Order,https://www.fiverr.com/users/darideveloper/manage_orders/FO1141CC1C987,5,Completed,65.0
prefabsoftware,01/11/2022,23/10/2022,(ignore the gig name)  pyramid app with supebase  with the pages: home  login  register and profile,7,0,2,260.0,"create your web page  fast, responsive, contact forms, animations, customization",Source code | 3 pages | Content upload | Responsive design | 1 revision | A Custom Order,https://www.fiverr.com/users/darideveloper/manage_orders/FO6191FDABA04,0,Completed,220.0
sadb0y,07/11/2022,21/10/2022,,4,0,7,770.0,"do web scraping, data mining any website",Source code | A Custom Order | A Custom Order,https://www.fiverr.com/users/darideveloper/manage_orders/FO7191A9B0403,5,Completed,420.0
shirayama,16/10/2022,10/10/2022,update API,1,1,2,10.0,create a python flask api or project,Source code | 1 page,https://www.fiverr.com/users/darideveloper/manage_orders/FO5EFE394DC1,0,Completed,10.0
sizzler1,05/10/2022,05/10/2022,Fix error in flask api,1,0,0,0,create a python flask api or project,Source code | Unlimited revisions,https://www.fiverr.com/users/darideveloper/manage_orders/FO822E65AFDC6,5,Completed,5.0
rolandoyza,10/10/2022,30/09/2022,,5,1,2,60.0,"create your web page  fast, responsive, contact forms, animations, customization",Source code | Design customization | Content upload | Responsive design,https://www.fiverr.com/users/darideveloper/manage_orders/FO622D7A46AC8,0,Completed,120.0
angeldraw10,29/09/2022,28/09/2022,Flask application that contains the following:  Separate .py file that contains code for interacting with with the API Flask application with a home page and two additional routes Each of the additional routes contains a way to input a term and return results using that term with the API Use of styling to make site pretty,1,0,0,0,create a python flask api or project,Source code | add an html css and js page for your project | 3 pages | Design customization | Content upload | 1 revision,https://www.fiverr.com/users/darideveloper/manage_orders/FO718DD2DC803,0,Completed,80.0
shirayama,27/09/2022,27/09/2022,Basic api autentication with a single key,1,0,0,0,create a python flask api or project,Source code | Unlimited revisions,https://www.fiverr.com/users/darideveloper/manage_orders/FO39F07BCB41,5,Completed,5.0
epnonprofit,20/09/2022,18/09/2022,html  css and JavaScript animation with triggers based on https://codepen.io/jjperezaguinaga/full/DZxRmb,4,0,0,0,create your web page,Source code | 1 revision,https://www.fiverr.com/users/darideveloper/manage_orders/FO518C0C80B85,0,Completed,50.0
deeplawn,19/09/2022,17/09/2022,(ignore the gig name) New setting: List of words to skip in the emails,2,0,0,0,create your web page,Source code | Unlimited revisions,https://www.fiverr.com/users/darideveloper/manage_orders/FO39E5E3A241,0,Completed,15.0
julian_chile,19/09/2022,13/09/2022,Bot para descargar archivos XML,6,0,2,90.0,"create your web page  fast, responsive, contact forms, animations, customization",Source code | 1 revision | A Custom Order,https://www.fiverr.com/users/darideveloper/manage_orders/FO8229609E9C6,5,Completed,75.0
deeplawn,13/09/2022,11/09/2022,(ignore the gig name)   Bot for get business web pages from Google maps  extract emails from web pages and save the output data in Google Sheets  with extra fast delivery,2,0,0,0,"create your web page  fast, responsive, contact forms, animations, customization",Source code | 1 revision,https://www.fiverr.com/users/darideveloper/manage_orders/FO613BEB6CB82,0,Completed,180.0
firstinflight,15/09/2022,11/09/2022,Project of few pages  such as a product or company website,7,0,2,100.0,"create your web page, with hosting and domain, fast, responsive, animations",Design customization | Content upload | Responsive design | Source code | 2 revisions | A Custom Order,https://www.fiverr.com/users/darideveloper/manage_orders/FO1ECEECFB45,5,Completed,80.0
omarguzman989,06/09/2022,06/09/2022,Subir y configurar archivos para el hosting de https://cancunconciergedmc.com/,1,0,0,0,create your web page,Content upload | Unlimited revisions,https://www.fiverr.com/users/darideveloper/manage_orders/FO7227EEFADC7,5,Completed,10.0
shirayama,07/09/2022,06/09/2022,API for show data in html file from a pandas model  with a search bar and a table of results.,3,0,0,0,create a python flask api or project,1 page | Source code | 1 revision,https://www.fiverr.com/users/darideveloper/manage_orders/FO518A3844485,5,Completed,10.0
excellencerealt,13/09/2022,05/09/2022,Landing page para empresa: Excellence Realty Group Inc  en español e ingles,10,0,0,0,"create your web page  fast, responsive, contact forms, animations, customization",Source code | 2 pages | Design customization | Content upload | Responsive design | 2 revisions,https://www.fiverr.com/users/darideveloper/manage_orders/FO613B3B41382,5,Completed,90.0
julian_chile,08/09/2022,31/08/2022,Actualización en MiDT bot,10,0,0,0,"create your web page  fast, responsive, contact forms, animations, customization",Source code | 1 revision,https://www.fiverr.com/users/darideveloper/manage_orders/FO513AC25B583,5,Completed,40.0
juliethwatts,02/09/2022,27/08/2022,Landing page BarberShop  with animated logo and Behance design,7,0,0,0,create your web page,Source code | Design customization | Content upload | Responsive design | 1 revision,https://www.fiverr.com/users/darideveloper/manage_orders/FO51D776A5EC7,5,Completed,100.0
julian_chile,30/08/2022,27/08/2022,Bot para extraer archivos de la página https://midt.dirtrab.cl/welcome,3,0,0,0,"create your web page  fast, responsive, contact forms, animations, customization",Source code | 1 revision,https://www.fiverr.com/users/darideveloper/manage_orders/FO3EBB801CC3,5,Completed,50.0
ivanivalenciab,29/08/2022,25/08/2022,API with get and post endpoints  with premade database,5,0,2,84.0,create a python flask api or project,Source code | add crud full actions for your project | 1 revision,https://www.fiverr.com/users/darideveloper/manage_orders/FO71D727E10C5,5,Completed,72.0
julian_chile,24/08/2022,22/08/2022,Actualización en previred-bot-downloader  - Cambiar nombre del archivo de excel - Crear una carpeta por tuta,2,0,0,0,"create your web page  fast, responsive, contact forms, animations, customization",Source code | 1 revision,https://www.fiverr.com/users/darideveloper/manage_orders/FO29CE37C342,5,Completed,10.0
julian_chile,21/08/2022,15/08/2022,Bot Previred,5,1,3,100.0,"create your web page  fast, responsive, contact forms, animations, customization",Source code | 1 revision | Une commande personnalisée,https://www.fiverr.com/users/darideveloper/manage_orders/FO51D56A2D4C7,5,Completed,85.0
omarguzman989,15/08/2022,11/08/2022,Actualización de página web http://cancunconciergedmc.com/,3,1,2,15.0,"create your web page  fast, responsive, contact forms, animations, customization",Source code | Design customization | Content upload | Responsive design | 1 revision,https://www.fiverr.com/users/darideveloper/manage_orders/FO71389DBA181,0,Completed,15.0
adityaa086,11/08/2022,05/08/2022,Scrape followers from twitter users and save data in excel,6,0,2,105.0,extract tweets and save in csv or excel filtering by name or tags or keywords,Source code | 1 revision | A Custom Order,https://www.fiverr.com/users/darideveloper/manage_orders/FO2137F12CD86,5,Completed,90.0
veredeliahu,09/08/2022,01/08/2022,Landing page with PayPal payments  hosting a domain,10,0,0,0,"create your web page  fast, responsive, contact forms, animations, customization",Source code | Design customization | Content upload | Responsive design | 1 revision,https://www.fiverr.com/users/darideveloper/manage_orders/FO818541D2102,0,Completed,110.0
julian_chile,31/07/2022,30/07/2022,(ignore el nombre del gig  aún no tengo gis activiados para web scraping).  Añadir funcionalidad de descargar formulario compacto f22  en proyecto anterior.,5,0,0,0,extract tweets and save in csv or excel filtering by name or tags or keywords,Source code | 1 revision,https://www.fiverr.com/users/darideveloper/manage_orders/FO5E97B2D4C1,5,Completed,25.0
adityaa086,01/08/2022,30/07/2022,(ignore the gig name  I don't have gigs for web scraping right now)   Scrape data from web page with login  and submit the data to database,7,0,2,110.0,extract tweets and save in csv or excel filtering by name or tags or keywords,Source code | 1 revision | A Custom Order,https://www.fiverr.com/users/darideveloper/manage_orders/FO61851964D84,0,Completed,90.0
krishnavinni,29/07/2022,29/07/2022,flask singup and login with SQLite,1,0,0,0,create a python flask api or project,"Source code | add a mysql, postgresql or sqlite database for your project, width basic actions | add crud full actions for your project | 1 revision",https://www.fiverr.com/users/darideveloper/manage_orders/FO1137343AF87,5,Completed,25.0
cccheek,28/07/2022,28/07/2022,Data from 100 to 500 tweets  with you custom filters,2,0,0,0,extract tweets and save in csv or excel filtering by name or tags or keywords,Unlimited revisions,https://www.fiverr.com/users/darideveloper/manage_orders/FO8184D74C882,0,Completed,15.0
leibwe,10/08/2022,26/07/2022,,5,0,3,250.0,create a python flask api or project,Source code | Design customization | Content upload | Responsive design | add crud full actions for your project,https://www.fiverr.com/users/darideveloper/manage_orders/FO62200BBF8C8,0,Completed,200.0
julian_chile,24/07/2022,24/07/2022,Actualizar proyecto de automatización para permitir extrer datos de multiples empresas,1,0,0,0,create your web page,Source code | 1 revision,https://www.fiverr.com/users/darideveloper/manage_orders/FO4184451DE06,5,Completed,15.0
omarguzman989,24/07/2022,22/07/2022,Añadir pàgina pribada de servicios al sitio web cancunconciergedmc.com,3,0,0,0,"create your web page, with hosting and domain, fast, responsive, animations",Design customization | Content upload | Responsive design | Source code | 1 revision,https://www.fiverr.com/users/darideveloper/manage_orders/FO113676B5387,0,Completed,60.0
tjay99c,22/07/2022,22/07/2022,Update variables names in flask and change css + html,1,0,0,0,create a python flask api or project,Source code | Design customization,https://www.fiverr.com/users/darideveloper/manage_orders/FO41D1AB144C8,0,Completed,30.0
adityaa086,21/07/2022,21/07/2022,(ignore gig name)  Update Twitter scraper for search each month separately,1,0,0,0,create a python flask api or project,Source code | 1 revision,https://www.fiverr.com/users/darideveloper/manage_orders/FO3183F4DCE07,5,Completed,15.0
adityaa086,21/07/2022,19/07/2022,Web scraping project for extract tweets data,2,0,0,0,"create your web page  fast, responsive, contact forms, animations, customization",Source code | 1 revision,https://www.fiverr.com/users/darideveloper/manage_orders/FO51D139F7EC7,0,Completed,100.0
krishnavinni,19/07/2022,19/07/2022,Flask crud homework,2,0,0,0,create a python flask api or project,Source code | Design customization | add crud full actions for your project | Unlimited revisions,https://www.fiverr.com/users/darideveloper/manage_orders/FO2183AED8808,0,Completed,35.0
jordanmathew192,17/07/2022,16/07/2022,add medium links with logo,2,0,0,0,"create your web page  fast, responsive, contact forms, animations, customization",Design customization | Content upload | Responsive design | 1 revision,https://www.fiverr.com/users/darideveloper/manage_orders/FO6135D368D82,0,Completed,5.0
julian_chile,19/07/2022,14/07/2022,Cambios en proyectos previo  creando sistema de carpetas y extrayendo nuevos datos,3,1,2,40.0,create your web page,Source code | 1 revision,https://www.fiverr.com/users/darideveloper/manage_orders/FO418311C8386,5,Completed,40.0
adityaa086,10/07/2022,10/07/2022,fix bug for page updates in project ragingbull notifier MastersClub,1,0,0,0,"create your web page  fast, responsive, contact forms, animations, customization",Source code,https://www.fiverr.com/users/darideveloper/manage_orders/FO2E7E360C44,0,Completed,5.0
adityaa086,09/07/2022,08/07/2022,update python notifications project (ignore the gig name),2,1,3,30.0,"create your web page  fast, responsive, contact forms, animations, customization",Source code | 1 revision | A Custom Order,https://www.fiverr.com/users/darideveloper/manage_orders/FO41CF7A11AC8,5,Completed,20.0
josefitani,11/07/2022,08/07/2022,Python API & web scraping for get code snippets from pages: codepen and jsfiddle,5,0,3,170.0,create a python flask api or project,"Source code | add crud full actions for your project | add a mysql, postgresql or sqlite database for your project, width basic actions | 1 revision | A Custom Order | A Custom Order",https://www.fiverr.com/users/darideveloper/manage_orders/FO81CF6D92EC4,5,Completed,120.0
jordanmathew192,08/07/2022,07/07/2022,link to medium page  resize and rotate the shoes,1,1,2,15.0,"create your web page  fast, responsive, contact forms, animations, customization",Source code | Content upload | Design customization | Unlimited revisions,https://www.fiverr.com/users/darideveloper/manage_orders/FO71CF6279BC5,5,Completed,15.0
jamesbre11,04/07/2022,04/07/2022,homework web app,1,0,0,0,create your web page,Source code | Design customization | Content upload | 1 revision,https://www.fiverr.com/users/darideveloper/manage_orders/FO4E76FC42C2,0,Completed,25.0
omarguzman989,04/07/2022,04/07/2022,Añadir nueva tarjeta de servicio en página web,2,0,0,0,"create your web page  fast, responsive, contact forms, animations, customization",Content upload | Responsive design | 1 revision,https://www.fiverr.com/users/darideveloper/manage_orders/FO41CEDBAECC8,5,Completed,5.0
jordanmathew192,02/07/2022,30/06/2022,add video animation to web page and text update,2,1,3,65.0,create your web page,Source code | Design customization | Content upload | Responsive design | 1 revision | A Custom Order,https://www.fiverr.com/users/darideveloper/manage_orders/FO313439C7D85,5,Completed,45.0
griffinplays,27/06/2022,25/06/2022,Web page for Gregory H Decker  MD,3,0,0,0,create your web page,Source code | Design customization | Content upload | Responsive design | 1 page | 1 revision,https://www.fiverr.com/users/darideveloper/manage_orders/FO8267445CB08,0,Completed,30.0
bluecoat958,03/07/2022,22/06/2022,Sitio web de escuela de idiomas,7,1,2,90.0,"create your web page  fast, responsive, contact forms, animations, customization",Source code | 6 pages | Design customization | Content upload | Responsive design | 2 revisions,https://www.fiverr.com/users/darideveloper/manage_orders/FO81CD0B7E2C4,5,Completed,90.0
julian_chile,22/06/2022,16/06/2022,Modificaciones en bots de descarga de archivos csv,3,1,3,40.0,"create your web page  fast, responsive, contact forms, animations, customization",Source code | 1 revision,https://www.fiverr.com/users/darideveloper/manage_orders/FO217F735BD88,5,Completed,40.0
julian_chile,16/06/2022,13/06/2022,bot de automatización para descargar archivos de Excel de boletas emitidas,3,0,0,0,"create your web page  fast, responsive, contact forms, animations, customization",Source code | 1 revision,https://www.fiverr.com/users/darideveloper/manage_orders/FO713271B5781,5,Completed,50.0
julian_chile,13/06/2022,10/06/2022,but de automatización para descargar archivos de Excel y csv   (ignore el nombre del gig  tengo mis otros gigs pausados),3,0,2,70.0,"create your web page  fast, responsive, contact forms, animations, customization",1 revision | A Custom Order,https://www.fiverr.com/users/darideveloper/manage_orders/FO2E59EF66C4,5,Completed,65.0
joshjeffries,28/05/2022,26/05/2022,Sure  I can do it. Show me your code files,3,0,2,140.0,create your web page,Responsive design | 1 page | Source code | Design customization | Content upload | 1 revision,https://www.fiverr.com/users/darideveloper/manage_orders/FO3984BEC541,5,Completed,110.0
omarguzman989,20/05/2022,19/05/2022,versión a ingles en nueva subpágina de cancunconciergedmc.com,4,0,0,0,"create your web page  fast, responsive, contact forms, animations, customization",Source code | Content upload | 1 revision,https://www.fiverr.com/users/darideveloper/manage_orders/FO3E3DD08543,5,Completed,30.0
omarguzman989,16/05/2022,09/05/2022,cambios en proyecto,5,1,2,45.0,"create your web page  fast, responsive, contact forms, animations, customization",Source code | Design customization | Content upload | Responsive design | 1 revision,https://www.fiverr.com/users/darideveloper/manage_orders/FO4E3045E442,0,Completed,45.0
mariawhitney515,16/05/2022,05/05/2022,Web page for project: Keagan's Kloset: Boutique,7,0,2,120.0,"create your web page  fast, responsive, contact forms, animations, customization",Source code | 2 pages | Design customization | Content upload | Responsive design | 1 revision | A Custom Order,https://www.fiverr.com/users/darideveloper/manage_orders/FO621104D1F48,5,Completed,100.0
chrisjoo,05/05/2022,04/05/2022,Basic web page: html + css + js,1,0,0,0,create your web page,Source code | Design customization | Content upload | 3 pages | Responsive design | 1 revision,https://www.fiverr.com/users/darideveloper/manage_orders/FO3E299A6F43,5,Completed,30.0
dirkdirk2015,03/05/2022,02/05/2022,Changes in page: https://powerpointpoesie.ch,3,0,2,40.0,create your web page,"Source code | Design customization | Content upload | publish your web page on the internet, with custom domain and security certificate | 1 revision",https://www.fiverr.com/users/darideveloper/manage_orders/FO825BB862F08,5,Completed,30.0
adityaa086,30/04/2022,29/04/2022,EJS Project (Sprint 2) with flask API,2,0,0,0,create your web page,Source code | 1 revision,https://www.fiverr.com/users/darideveloper/manage_orders/FO81C459368C4,0,Completed,120.0
omarguzman989,06/05/2022,28/04/2022,Rediseño web,10,0,0,0,"create your web page, with hosting and domain, fast, responsive, animations",Design customization | Content upload | Responsive design | Source code | 2 revisions,https://www.fiverr.com/users/darideveloper/manage_orders/FO412D8641B84,0,Completed,80.0
adityaa086,23/04/2022,23/04/2022,Web project with api call and EJS,1,0,0,0,"create your web page  fast, responsive, contact forms, animations, customization",1 revision,https://www.fiverr.com/users/darideveloper/manage_orders/FO4E1B58EF42,5,Completed,100.0
adityaa086,16/04/2022,15/04/2022,Web project with bootstrap and backend with flask,1,0,0,0,create your landing page,Unlimited revisions,https://www.fiverr.com/users/darideveloper/manage_orders/FO51C229373C7,5,Completed,120.0
rolandoyza,20/04/2022,12/04/2022,Página web basada en plantilla: http://html.rudhisasmito.com/finanzi/index.html?storefront=envato-elements,10,0,0,0,"create your web page  fast, responsive, contact forms, animations, customization",Responsive design | 1 page | Source code | Design customization | Content upload | 2 revisions,https://www.fiverr.com/users/darideveloper/manage_orders/FO61C19E017C6,0,Completed,80.0
dirkdirk2015,18/04/2022,12/04/2022,Web pages based on https://powerpointpoesie.ch/,7,0,2,75.0,"create your web page  fast, responsive, contact forms, animations, customization",Responsive design | 1 page | Source code | Design customization | Content upload | 2 revisions,https://www.fiverr.com/users/darideveloper/manage_orders/FO712BA37AB81,5,Completed,62.5
adityaa086,08/04/2022,08/04/2022,Homework: API and Forms (ignore gig name),3,0,0,0,create your web page,Source code | 1 revision,https://www.fiverr.com/users/darideveloper/manage_orders/FO41C0EA854C8,5,Completed,20.0
adityaa086,10/04/2022,06/04/2022,(ignore the gig name)  Python script for extract data from api https://developer.sitoo.com/api-reference/orders#get-all-orders; and save it in mysql database,4,1,2,40.0,"create your landing page, with hosting and domain",2 revisions,https://www.fiverr.com/users/darideveloper/manage_orders/FO512AFA6C583,5,Completed,40.0
juliolba25,30/03/2022,23/03/2022,Crear página web para producto KDROPS,7,0,2,90.0,"create your web page, with hosting and domain, fast, responsive, animations",Design customization | Content upload | Responsive design | Source code | 2 revisions | Un pedido personalizado,https://www.fiverr.com/users/darideveloper/manage_orders/FO8173D32CE02,5,Completed,75.0
paularmentaa,06/04/2022,15/03/2022,5 Landing page,7,1,3,125.0,"create your web page, with hosting and domain, fast, responsive, animations",Design customization | Responsive design | Source code | 2 revisions,https://www.fiverr.com/users/darideveloper/manage_orders/FO2944087542,0,Completed,125.0
u_7cb3744e780d,11/03/2022,10/03/2022,(Ignore the gig name)  Web scraping script for get search results from google  and save it in google sheets,4,0,0,0,"create your web page, with hosting and domain, fast, responsive, animations",1 revision,https://www.fiverr.com/users/darideveloper/manage_orders/FO8205E2C66C6,0,Completed,40.0
rafallano,15/03/2022,08/03/2022,proyecto de python con interfaz gráfica  para obtener subpáginas de una url,3,0,2,49.0,"create your web page  fast, responsive, contact forms, animations, customization",Source code | Detailed code comments | Develop a desktop based interface only with python for manage the program | 1 revision,https://www.fiverr.com/users/darideveloper/manage_orders/FO4DDB1526C2,5,Completed,42.0
sharpesharpe,08/03/2022,07/03/2022,python automation script for generate json files,1,0,0,0,"create your web page  fast, responsive, contact forms, animations, customization",Source code | Detailed code comments | 1 revision,https://www.fiverr.com/users/darideveloper/manage_orders/FO62053196348,0,Completed,15.0
wormdropper,05/03/2022,05/03/2022,Script for rename files,1,0,2,25.0,"create your web page  fast, responsive, contact forms, animations, customization",Source code | Detailed code comments | Unlimited revisions,https://www.fiverr.com/users/darideveloper/manage_orders/FO2DD7F345C4,5,Completed,15.0
ranita37,27/02/2022,27/02/2022,,1,0,0,0,"create your web page, with hosting and domain, fast, responsive, animations",,https://www.fiverr.com/users/darideveloper/manage_orders/FO149A5AFF01,5,Completed,10.0
user27712122,07/03/2022,24/02/2022,Extras to previous SFTP server project:   — Send the emails at a specific time (start time and end time)  — Send emails to different users  — Separation of 30 minutes between each email.  — Select the current date folder  Note: please ignore the name of the gig (I have the rest of my gigs disabled and it takes a while to turn them back on),3,1,2,12.0,"create your web page, with hosting and domain, fast, responsive, animations",Unlimited revisions,https://www.fiverr.com/users/darideveloper/manage_orders/FO51B951FF6C7,0,Completed,12.0
user27712122,12/02/2022,09/02/2022,Web automation for connect to smtp server  with email automation (Extra fast delivery with additional charge),3,0,0,0,"create your web page  fast, responsive, contact forms, animations, customization",Source code | Detailed code comments | 1 revision,https://www.fiverr.com/users/darideveloper/manage_orders/FO41246C15784,0,Completed,75.0
calvinti12,06/02/2022,04/02/2022,"Add google sheet and upload videos to tiktok  to ""video post"" project",5,0,0,0,"create your web page  fast, responsive, contact forms, animations, customization",Source code | Database integration | Detailed code comments | 2 revisions,https://www.fiverr.com/users/darideveloper/manage_orders/FO4DAEDB0742,5,Completed,70.0
dejurado,02/02/2022,01/02/2022,New CSV file format for tradingview automation chrome extension,3,0,0,0,"do web scraping, data mining any website",Source code | Detailed code comments | 2 revisions,https://www.fiverr.com/users/darideveloper/manage_orders/FO616C6524684,0,Completed,20.0
dejurado,26/01/2022,22/01/2022,Google chrome extension for web automation in https://www.tradingview.com/chart/ewmHbHjt/,7,0,0,0,"do web scraping, data mining any website","Source code | Detailed code comments | Develop a more advanced and customizable interface with html, css and javascript | 3 revisions",https://www.fiverr.com/users/darideveloper/manage_orders/FO2D9BF70744,0,Completed,60.0
gm_etrigan,22/01/2022,21/01/2022,merge JavaScript code files,2,0,2,30.0,"create your web page  fast, responsive, contact forms, animations, customization",Source code | Detailed code comments | 3 revisions,https://www.fiverr.com/users/darideveloper/manage_orders/FO5D9AD75E41,5,Completed,20.0
ranita37,17/01/2022,17/01/2022,"Corrección de web scraping.  Actualización de selectores para extraer correctamente los dos primeros premios de ""Lotería nacional""",3,0,0,0,"do web scraping, data mining any website",Source code | 2 revisions,https://www.fiverr.com/users/darideveloper/manage_orders/FO71B285BD9C5,0,Completed,15.0
geniusfast,04/01/2022,31/12/2021,web scraping with multithreading and without duplicates for extract data to SMS receiver page,2,0,3,160.0,"do web scraping, data mining any website",Source code | Detailed code comments | Database integration | A Custom Order | A Custom Order,https://www.fiverr.com/users/darideveloper/manage_orders/FO511FD178B83,5,Completed,115.0
ranita37,30/12/2021,30/12/2021,Actualización proyecto de web scraping,1,0,0,0,"do web scraping, data mining any website",Source code | Detailed code comments | 1 revision,https://www.fiverr.com/users/darideveloper/manage_orders/FO311FB8C4185,5,Completed,25.0
wbruck,26/12/2021,23/12/2021,Web scraping for page: www.barstoolsportsbook.com,4,0,0,0,"create your web page  fast, responsive, contact forms, animations, customization",Source code | Detailed code comments | 2 revisions,https://www.fiverr.com/users/darideveloper/manage_orders/FO7166EFAF083,5,Completed,30.0
dejurado,23/12/2021,22/12/2021,Changes in last project: use local video instead of download it,3,0,0,0,"create your web page  fast, responsive, contact forms, animations, customization",Source code | Detailed code comments | 2 revisions,https://www.fiverr.com/users/darideveloper/manage_orders/FO3166D313207,5,Completed,20.0
geargaming,22/12/2021,16/12/2021,Create automated orders with shopify api  based on the sells in other ecommerce.,7,0,0,0,"create your web page  fast, responsive, contact forms, animations, customization",Source code | Detailed code comments | 2 revisions,https://www.fiverr.com/users/darideveloper/manage_orders/FO61660A90084,0,Completed,50.0
dejurado,06/12/2021,28/11/2021,Video uploader: download videos from tiktok and post it in Instagram reels  youtube shorts  facebook business and twitter,12,0,0,0,"create your web page  fast, responsive, contact forms, animations, customization",Source code | Detailed code comments | 2 revisions,https://www.fiverr.com/users/darideveloper/manage_orders/FO71AAA5018C5,5,Completed,120.0
adityaa086,22/11/2021,19/11/2021,Web scraping additional features.,5,0,0,0,"do web scraping, data mining any website",Source code | Detailed code comments | 2 revisions,https://www.fiverr.com/users/darideveloper/manage_orders/FO41A95DC16C8,0,Completed,10.0
wbruck,25/11/2021,19/11/2021,Web scraping script for sports in page https://il.sportsbook.fanduel.com/,8,0,2,80.0,"do web scraping, data mining any website",Source code | Detailed code comments | Database integration | 2 revisions | A Custom Order,https://www.fiverr.com/users/darideveloper/manage_orders/FO611B93D2D82,5,Completed,55.0
alejandraacero,02/12/2021,16/11/2021,Web scraping de la página www.fotocasa.es  con integración de base de datos y aplicación web,7,1,3,25.0,"do web scraping, data mining any website",Source code | Detailed code comments | Database integration,https://www.fiverr.com/users/darideveloper/manage_orders/FO61A8AE677C6,5,Completed,25.0
ozman11,22/11/2021,10/11/2021,Extract information from HTML files obtained from telegram and generate an output file.,4,1,5,97.19999999999999,"do web scraping, data mining any website",Source code | Detailed code comments | A Custom Order,https://www.fiverr.com/users/darideveloper/manage_orders/FO316127A2607,5,Completed,73.6
geargaming,05/11/2021,05/11/2021,Script for basic automation involving various services / tools,3,0,2,25.0,"create your web page  fast, responsive, contact forms, animations, customization",Source code | Detailed code comments | 1 revision,https://www.fiverr.com/users/darideveloper/manage_orders/FO516079AD185,0,Completed,25.0
adityaa086,02/11/2021,02/11/2021,Basic python script (strings),1,0,0,0,"create your web page  fast, responsive, contact forms, animations, customization",Source code | Detailed code comments | 1 revision,https://www.fiverr.com/users/darideveloper/manage_orders/FO4160091F306,5,Completed,5.0
adityaa086,02/11/2021,02/11/2021,Basis python task,1,0,0,0,"create your web page  fast, responsive, contact forms, animations, customization",Source code | Detailed code comments | 1 revision,https://www.fiverr.com/users/darideveloper/manage_orders/FO18CC91AD43,0,Completed,5.0
wbruck,04/11/2021,01/11/2021,Web scraping script for sports in page https://www.mybookie.ag/sportsbook/,5,0,0,0,"do web scraping, data mining any website",Source code | Detailed code comments | 2 revisions,https://www.fiverr.com/users/darideveloper/manage_orders/FO38CC1A9141,5,Completed,30.0
adityaa086,26/10/2021,24/10/2021,Update email notification previews project,3,0,0,0,do script for email automation,Source code | Detailed code comments | install python and the necessary modules on your computer or server. | do a teamviewer session to solve the problems of the project on your pc or server. | 2 revisions,https://www.fiverr.com/users/darideveloper/manage_orders/FO1462590F01,0,Completed,30.0
wbruck,23/10/2021,20/10/2021,Web scraping script for sports in page il.betrivers.com,5,0,0,0,"do web scraping, data mining any website",Source code | Detailed code comments | 2 revisions,https://www.fiverr.com/users/darideveloper/manage_orders/FO61EA56DB2C8,5,Completed,30.0
wormdropper,13/10/2021,13/10/2021,Merge json files with specific format,2,0,2,50.0,do script for processing CSV and json data files,Source code | Detailed code comments | 2 revisions,https://www.fiverr.com/users/darideveloper/manage_orders/FO5D18DCFC41,5,Completed,35.0
wormdropper,12/10/2021,12/10/2021,File explorer task automation scripts,2,0,2,50.0,"do desktop program for automation like web scraping, email, json, csv, excel etc",Source code | Detailed code comments | 2 revisions,https://www.fiverr.com/users/darideveloper/manage_orders/FO71A2E0D41C5,5,Completed,35.0
geargaming,18/10/2021,11/10/2021,Script for basic automation involving various services / tools,3,1,5,130.0,"create your web page  fast, responsive, contact forms, animations, customization",Source code | Detailed code comments | 1 revision,https://www.fiverr.com/users/darideveloper/manage_orders/FO51172627583,5,Completed,85.0
wormdropper,11/10/2021,11/10/2021,Processing json files,3,0,2,50.0,do script for processing CSV and json data files,Source code | Detailed code comments | use Tem Viwer to help you for any problem with program in your pc. | 2 revisions,https://www.fiverr.com/users/darideveloper/manage_orders/FO5D15A4B7C1,5,Completed,35.0
royalcohen,09/10/2021,09/10/2021,Convert articles from txt file to csv or xlsx,2,0,0,0,do script for processing CSV and json data files,Source code | Detailed code comments | 2 revisions,https://www.fiverr.com/users/darideveloper/manage_orders/FO215CAA2ED88,0,Completed,20.0
geargaming,10/10/2021,09/10/2021,Script for basic automation involving various services / tools,3,0,2,40.0,"create your web page  fast, responsive, contact forms, animations, customization",Source code | Detailed code comments | 1 revision,https://www.fiverr.com/users/darideveloper/manage_orders/FO515CA7F9605,5,Completed,25.0
mackenzie360,07/10/2021,07/10/2021,CSV files conversion,1,0,0,0,"do desktop program for automation like web scraping, email, json, csv, excel etc",Source code | Detailed code comments | 1 revision,https://www.fiverr.com/users/darideveloper/manage_orders/FO1116C47B187,5,Completed,30.0
anxanet,07/10/2021,06/10/2021,Script para extraer datos de página de apuestas,4,0,0,0,"do web scraping, data mining any website",Source code | Detailed code comments | Database integration | 2 revisions,https://www.fiverr.com/users/darideveloper/manage_orders/FO2D0F4469C4,5,Completed,40.0
adityaa086,02/10/2021,29/09/2021,Tech support for solve python errores,1,1,2,15.0,"create your web page  fast, responsive, contact forms, animations, customization",do a teamviewer session to solve the problems of the project on your pc or server. | Unlimited revisions,https://www.fiverr.com/users/darideveloper/manage_orders/FO41A0BB438C8,0,Completed,15.0
wbruck,02/10/2021,27/09/2021,Scrap tables from web pages:  https://in.unibet.com/#filter/american_football/nfl https://sports.pa.betmgm.com/en/sports/football-11,6,0,0,0,"do web scraping, data mining any website",Source code | Detailed code comments | 2 revisions,https://www.fiverr.com/users/darideveloper/manage_orders/FO145687EB01,5,Completed,50.0
adityaa086,29/09/2021,27/09/2021,ragingbull web scraping and telegram notifier (with server installation),2,0,0,0,"do web scraping, data mining any website",Source code | Detailed code comments | do a teamviewer session to solve the problems of the project on your pc or server. | 2 revisions,https://www.fiverr.com/users/darideveloper/manage_orders/FO415AF939306,0,Completed,25.0
deeplawn,23/09/2021,17/09/2021,Automate multithreading bot for a web page,4,1,3,70.0,"do web scraping, data mining any website",Source code | Detailed code comments | 1 revision | A Custom Order,https://www.fiverr.com/users/darideveloper/manage_orders/FO11148273B87,0,Completed,55.0
adityaa086,07/09/2021,02/09/2021,Web scraping project with notification system,4,0,2,70.0,"do web scraping, data mining any website",Source code | Detailed code comments | 2 revisions | A Custom Order,https://www.fiverr.com/users/darideveloper/manage_orders/FO144B35C001,0,Completed,55.0
adityaa086,31/08/2021,31/08/2021,technical support for web scraping and notiffication project by retome desktop,1,0,0,0,do script for email automation,do a teamviewer session to solve the problems of the project on your pc or server. | Unlimited revisions,https://www.fiverr.com/users/darideveloper/manage_orders/FO4112923B984,0,Completed,15.0
atayshete,30/08/2021,29/08/2021,basic email sender with spreadsheet connection,2,0,0,0,do script for email automation,Source code | Detailed code comments | 1 revision,https://www.fiverr.com/users/darideveloper/manage_orders/FO3CDBCD50C3,5,Completed,20.0
openmind77,31/08/2021,25/08/2021,Gmail Not Spam Update: Acces to multiple gmail accounts and process all emails with specific subject. Project with GUI + terminal,7,0,2,90.0,do script for email automation,"Source code | Detailed code comments | make the github repository private, instead of public, and send you access request. | 2 revisions | A Custom Order",https://www.fiverr.com/users/darideveloper/manage_orders/FO819AD2565C4,4.7,Completed,75.0
kimberlysebek,17/08/2021,17/08/2021,Hotfix bug in web scraping script,2,0,2,30.0,"do web scraping, data mining any website",Source code | Detailed code comments | 2 revisions,https://www.fiverr.com/users/darideveloper/manage_orders/FO1110FABB787,0,Completed,25.0
adityaa086,04/08/2021,03/08/2021,hotfix Twitter web scraping,2,0,0,0,"do web scraping, data mining any website",Source code | Detailed code comments | 2 revisions,https://www.fiverr.com/users/darideveloper/manage_orders/FO410F64FF584,0,Completed,70.0
dejurado,10/08/2021,01/08/2021,Instagram bot to follow users and make scheduled posts,7,0,2,120.0,do script for processing CSV and json data files,Source code | Detailed code comments | 2 revisions | A Custom Order,https://www.fiverr.com/users/darideveloper/manage_orders/FO6153089AB84,5,Completed,90.0
audiobookguru,26/07/2021,22/07/2021,Process csv file to result in a new csv file and multiple json files.,5,0,0,0,do script for processing CSV and json data files,Source code | Detailed code comments | 2 revisions,https://www.fiverr.com/users/darideveloper/manage_orders/FO4CA9D69F42,5,Completed,80.0
terryjj,22/07/2021,20/07/2021,Convert CSV data to json,3,0,2,45.0,do script for processing CSV and json data files,Source code | Detailed code comments | 2 revisions,https://www.fiverr.com/users/darideveloper/manage_orders/FO610DF614182,5,Completed,35.0
terryjj,13/07/2021,12/07/2021,3 script to convert input csv files with different structures into json data.,5,0,0,0,do script for processing CSV and json data files,Source code | Detailed code comments | use Tem Viwer to help you for any problem with program in your pc. | 3 revisions,https://www.fiverr.com/users/darideveloper/manage_orders/FO61D6C1D97C8,5,Completed,85.0
openmind77,08/07/2021,06/07/2021,mark email in Gmail as spam,3,0,0,0,do script for email automation,Source code | Detailed code comments | use Tem Viwer to help you for any problem with program in your pc. | 2 revisions,https://www.fiverr.com/users/darideveloper/manage_orders/FO3862A43841,0,Completed,30.0
mattsmith858,04/07/2021,03/07/2021,Randomize actions in web bot,3,0,0,0,"do web scraping, data mining any website",Source code | Detailed code comments | 3 revisions,https://www.fiverr.com/users/darideveloper/manage_orders/FO5C90AEB7C1,5,Completed,30.0
mattsmith858,02/07/2021,30/06/2021,Page web automation,2,0,0,0,"do web scraping, data mining any website",Source code | Detailed code comments | use Tem Viwer to help you for any problem with program in your pc. | 2 revisions,https://www.fiverr.com/users/darideveloper/manage_orders/FO82176C33708,0,Completed,30.0
terryjj,27/06/2021,26/06/2021,Convert CSV file to JSON file,3,0,2,65.0,do script for processing CSV and json data files,Source code | Detailed code comments | 2 revisions,https://www.fiverr.com/users/darideveloper/manage_orders/FO5C87E0AB41,5,Completed,50.0
dejurado,15/06/2021,14/06/2021,Scrape data from page https://crimegrade.org  and save it in postgres database,3,0,0,0,"create your web page  fast, responsive, contact forms, animations, customization",Source code | Detailed code comments | 2 revisions,https://www.fiverr.com/users/darideveloper/manage_orders/FO4C7889B742,5,Completed,50.0
danielmontemay,11/06/2021,09/06/2021,Web scraping de: http://www.economia-sniim.gob.mx/  generar archivo .xlsx de resultados y enviar archivo por correo,5,0,0,0,"create your web page  fast, responsive, contact forms, animations, customization",Source code | Detailed code comments | 3 revisions,https://www.fiverr.com/users/darideveloper/manage_orders/FO214BD5A3D08,0,Completed,80.0
adityaa086,08/06/2021,06/06/2021,Script to join data from 7 tables in a database  to a single table.,3,0,0,0,"create your web page  fast, responsive, contact forms, animations, customization",Source code | Detailed code comments | 3 revisions,https://www.fiverr.com/users/darideveloper/manage_orders/FO814B668C702,0,Completed,18.0
adityaa086,24/05/2021,17/05/2021,Web scraping for 7 web sites,15,0,0,0,"do web scraping, data mining any website",Source code | Detailed code comments | use Tem Viwer to help you for any problem with program in your pc. | 3 revisions,https://www.fiverr.com/users/darideveloper/manage_orders/FO2106DA75186,0,Completed,70.0
adityaa086,16/05/2021,16/05/2021,Deploy project to virtual machine,3,0,0,0,"do web scraping, data mining any website",Source code | Detailed code comments,https://www.fiverr.com/users/darideveloper/manage_orders/FO7106C3D8D81,0,Completed,15.0
adityaa086,14/05/2021,13/05/2021,Web scraping and notiffications,3,0,0,0,"do web scraping, data mining any website",Source code | Detailed code comments | 2 revisions,https://www.fiverr.com/users/darideveloper/manage_orders/FO81481594F82,0,Completed,25.0
adityaa086,09/05/2021,04/05/2021,Facebook scraper: extract information from Facebook post  by certain accounts: text  mentioned users  hashtags  links  date filters  etc.,6,0,0,0,"do web scraping, data mining any website",Source code | Detailed code comments,https://www.fiverr.com/users/darideveloper/manage_orders/FO518815DA2C7,5,Completed,40.0
adityaa086,27/04/2021,26/04/2021,Upload unzipped zip files to azure cloud.,2,0,0,0,"create your web page  fast, responsive, contact forms, animations, customization",Source code | Detailed code comments,https://www.fiverr.com/users/darideveloper/manage_orders/FO81C7C4691C6,5,Completed,30.0
dejurado,26/04/2021,25/04/2021,Incorporate autocompletion of captchas/recaptchas and headless in script,3,0,0,0,"create your web page  fast, responsive, contact forms, animations, customization",Source code | Detailed code comments | 2 revisions,https://www.fiverr.com/users/darideveloper/manage_orders/FO61454AE9304,5,Completed,25.0
adityaa086,25/04/2021,21/04/2021,Extract tweeter information  based on data stored in a spreadsheet.,4,0,0,0,do script for email automation,Source code | Detailed code comments | 2 revisions,https://www.fiverr.com/users/darideveloper/manage_orders/FO71C6AC4C047,5,Completed,40.0
geargaming,15/04/2021,15/04/2021,"AN ADVNACED PYTHON SCRIPT you will get a complex script using some libraries",3,0,0,0,"create your web page  fast, responsive, contact forms, animations, customization",Source code | Detailed code comments | 1 revision,https://www.fiverr.com/users/darideveloper/manage_orders/FO81C55FAC146,0,Completed,30.0
adityaa086,28/03/2021,23/03/2021,Web scraping for twitter data extraction,9,0,0,0,"do web scraping, data mining any website",Source code | Detailed code comments,https://www.fiverr.com/users/darideveloper/manage_orders/FO21404082D88,5,Completed,30.0
ranita37,25/03/2021,20/03/2021,Web scraping a https://loteriasyapuestas.es/  para crear un crear un widget de wordpress.,3,0,2,64.0,"do web scraping, data mining any website",Source code | Detailed code comments | 3 revisions,https://www.fiverr.com/users/darideveloper/manage_orders/FO617FDCC69C6,5,Completed,57.0
adityaa086,19/03/2021,17/03/2021,make web scraping for cia and firepower pages  and save data in data base,3,0,0,0,"do web scraping, data mining any website",Source code | Detailed code comments | use Tem Viwer to help you for any problem with program in your pc. | 3 revisions,https://www.fiverr.com/users/darideveloper/manage_orders/FO13FDD0AB81,5,Completed,20.0
shahdeenelso593,22/02/2021,22/02/2021,Add functionality to previously completed project.,1,0,0,0,"do web scraping, data mining any website",Source code | Detailed code comments,https://www.fiverr.com/users/darideveloper/manage_orders/FO5FCB17EB83,5,Completed,20.0
geargaming,22/02/2021,19/02/2021,"COMPLEX PYTHON PROGRAM you will get a more complex script using more libreries and several files",4,0,0,0,"create your web page  fast, responsive, contact forms, animations, customization",Source code | Detailed code comments | 3 revisions,https://www.fiverr.com/users/darideveloper/manage_orders/FO4BD4BF4BC2,0,Completed,80.0
navedsadiq,22/02/2021,15/02/2021,Automate web page with data obtained from a spreadsheet,7,0,0,0,"do web scraping, data mining any website",Source code | Detailed code comments | use Tem Viwer to help you for any problem with program in your pc.,https://www.fiverr.com/users/darideveloper/manage_orders/FO8179CD117C4,5,Completed,50.0
mikepeterson746,14/02/2021,13/02/2021,Get distributor information,2,0,0,0,"do web scraping, data mining any website",Source code | Detailed code comments | Unlimited revisions,https://www.fiverr.com/users/darideveloper/manage_orders/FO413A9174286,0,Completed,15.0
shahdeenelso593,10/02/2021,09/02/2021,Add functionalities to a previously completed project,1,0,0,0,"create your web page  fast, responsive, contact forms, animations, customization",Source code | Detailed code comments | Unlimited revisions,https://www.fiverr.com/users/darideveloper/manage_orders/FO2FB27C2386,5,Completed,20.0
jaredmario,13/02/2021,09/02/2021,Extract information fromexcel file  run vpn service and write information in one web page,2,0,0,0,"create your web page  fast, responsive, contact forms, animations, customization",Source code | Detailed code comments | Unlimited revisions,https://www.fiverr.com/users/darideveloper/manage_orders/FO5178A748FC7,5,Completed,10.0
shahdeenelso593,20/12/2020,18/12/2020,Access your gmail account  read PDF files attached to incoming emails  extract information from PDF files  and save information on google drive.,8,0,0,0,"create your web page  fast, responsive, contact forms, animations, customization",Source code | Detailed code comments | 1 revision,https://www.fiverr.com/users/darideveloper/manage_orders/FO3132B422F07,5,Completed,60.0
john057,19/12/2020,10/12/2020,Read emails and open the links they contain,8,0,0,0,do script for email automation,Source code | Detailed code comments | 1 revision,https://www.fiverr.com/users/darideveloper/manage_orders/FO27A3B7DE42,0,Completed,30.0
jeke675,14/12/2020,08/12/2020,Resolución de proyecto en base al documento entregado  implementando pruebas para comprobar su funcionamiento.,8,0,0,0,do simple python script,Source code | Detailed code comments | 1 revision,https://www.fiverr.com/users/darideveloper/manage_orders/FO37A24E0A41,4.3,Completed,30.0
geargaming,13/12/2020,07/12/2020,"AN ADVNACED PYTHON SCRIPT you will get a complex script using some libraries",5,0,0,0,"create your web page  fast, responsive, contact forms, animations, customization",Source code | Detailed code comments | 1 revision,https://www.fiverr.com/users/darideveloper/manage_orders/FO4B729A5C42,0,Completed,60.0
geargaming,03/12/2020,26/11/2020,"AN ADVNACED PYTHON SCRIPT you will get a complex script using some libraries",5,0,2,160.0,"create your web page  fast, responsive, contact forms, animations, customization",Source code | Detailed code comments | 1 revision,https://www.fiverr.com/users/darideveloper/manage_orders/FO516C9873EC7,5,Completed,110.0
kimberlysebek,22/11/2020,22/11/2020,"* Some reusable modules. * Some code comments * Use of Classes and OOP",4,0,2,50.0,"do web scraping, data mining any website",Source code | Detailed code comments | 1 revision,https://www.fiverr.com/users/darideveloper/manage_orders/FO212F3DF2188,5,Completed,40.0
richardlino734,20/11/2020,20/11/2020,"* Includes one to few non-reusable modules * No code comments",2,0,0,0,do simple python script,Source code | Unlimited revisions,https://www.fiverr.com/users/darideveloper/manage_orders/FO71A849FA447,5,Completed,10.0
sugeidym6,20/11/2020,20/11/2020,"* Includes one to few non-reusable modules * No code comments",2,0,0,0,do simple python script,Source code | Unlimited revisions,https://www.fiverr.com/users/darideveloper/manage_orders/FO71A847B88C7,5,Completed,10.0
geargaming,20/11/2020,19/11/2020,"A SIMPLE PYTHON PROGRAM you will get a simple basic python script",2,0,2,60.0,"create your web page  fast, responsive, contact forms, animations, customization",Source code | Unlimited revisions,https://www.fiverr.com/users/darideveloper/manage_orders/FO3F252A7585,5,Completed,45.0
burtthebeast,16/11/2020,16/11/2020,"COMPLEX PYTHON PROGRAM you will get a more complex script using more libreries and several files",4,0,0,0,"create your web page  fast, responsive, contact forms, animations, customization",Include Source Code | Detailed Code Comments | Revisions,https://www.fiverr.com/users/darideveloper/manage_orders/FO6F1F516302,0,Completed,15.0
geargaming,17/11/2020,15/11/2020,"AN ADVNACED PYTHON SCRIPT you will get a complex script using some libraries",3,0,2,60.0,"create your web page  fast, responsive, contact forms, animations, customization",Source code | Detailed code comments | 3 revisions,https://www.fiverr.com/users/darideveloper/manage_orders/FO71A74A802C7,5,Completed,35.0
